{"cameraMode":{"drawMode":0,"name":"Shaded","section":"Shading Mode"},"sceneLighting":false,"audioPlay":false,"sceneViewState":{"m_AlwaysRefresh":false,"showFog":true,"showSkybox":false,"showFlares":true,"showImageEffects":true,"showParticleSystems":true,"showVisualEffectGraphs":true,"m_FxEnabled":true},"in2DMode":false,"pivot":{"x":-0.5441951751708984,"y":12.8578462600708,"z":0.5232858657836914},"rotation":{"x":-0.5500734448432922,"y":0.010005016811192036,"z":-0.007380809169262648,"w":-0.8353986740112305},"size":14.757341384887696,"orthographic":false}