{"cameraMode":{"drawMode":0,"name":"Shaded","section":"Shading Mode"},"sceneLighting":false,"audioPlay":false,"sceneViewState":{"m_AlwaysRefresh":false,"showFog":true,"showSkybox":false,"showFlares":true,"showImageEffects":true,"showParticleSystems":true,"showVisualEffectGraphs":true,"m_FxEnabled":true},"in2DMode":false,"pivot":{"x":0.3540840148925781,"y":9.054449081420899,"z":-0.025939226150512697},"rotation":{"x":0.5600120425224304,"y":-0.014362107962369919,"z":0.010566829703748227,"w":0.8286775350570679},"size":10.33319091796875,"orthographic":false}