{"cameraMode":{"drawMode":0,"name":"Shaded","section":"Shading Mode"},"sceneLighting":true,"audioPlay":false,"sceneViewState":{"m_AlwaysRefresh":false,"showFog":true,"showSkybox":true,"showFlares":true,"showImageEffects":true,"showParticleSystems":true,"showVisualEffectGraphs":true,"m_FxEnabled":true},"in2DMode":false,"pivot":{"x":477.34661865234377,"y":455.0140380859375,"z":-88.33883666992188},"rotation":{"x":0.13718275725841523,"y":-0.07749329507350922,"z":0.01216047815978527,"w":0.9878658056259155},"size":103.07764434814453,"orthographic":false}